Sample in Buffer,Sample in Window,TRIGGER,high_add[35:0],dram_debug[3:0],response_received[64:0],flash_debug[3:0],init,cdebug[3:0],ddebug[3:0],tgen_debug[3:0],low_add[35:0],rdebug[4:0]
0,0,1,040000018,4,0,f,1,5,5,f,040000018,08
1,1,0,040000020,4,0,f,1,5,5,f,040000020,08
2,2,0,040000028,4,0,f,1,5,5,f,040000028,08
3,3,0,040000030,4,0,f,1,5,5,f,040000030,08
4,4,0,040000038,4,0,f,1,5,5,f,040000038,08
5,5,0,040000040,4,0,f,1,5,5,f,040000040,08
6,6,0,040000048,4,0,f,1,4,5,f,040000048,08
7,7,0,040000008,4,0,f,1,4,5,f,040000008,08
8,8,0,040000010,4,0,f,1,5,5,f,040000010,08
9,9,0,040000018,4,1,f,1,5,5,f,040000018,08
10,10,0,040000020,4,2,f,1,5,5,f,040000020,08
11,11,0,040000028,4,3,f,1,5,5,f,040000028,08
12,12,0,040000030,4,4,f,1,5,5,f,040000030,08
13,13,0,040000038,4,5,f,1,5,5,f,040000038,08
14,14,0,040000040,4,6,f,1,5,5,f,040000040,08
15,15,0,040000048,4,7,f,1,5,5,f,040000048,08
16,16,0,040000008,4,8,f,1,5,5,f,040000008,08
17,17,0,040000010,4,9,f,1,5,5,f,040000010,08
18,18,0,040000018,4,0,f,1,5,5,f,040000018,08
19,19,0,040000020,4,0,f,1,5,5,f,040000020,08
20,20,0,040000028,4,0,f,1,5,5,f,040000028,08
21,21,0,040000030,4,0,f,1,5,5,f,040000030,08
22,22,0,040000038,4,0,f,1,5,5,f,040000038,08
23,23,0,040000040,4,0,f,1,5,5,f,040000040,08
24,24,0,040000048,4,0,f,1,5,5,f,040000048,08
25,25,0,040000008,4,0,f,1,5,5,f,040000008,08
26,26,0,040000010,4,0,f,1,5,5,f,040000010,08
27,27,0,040000018,4,1,f,1,5,5,f,040000018,08
28,28,0,040000020,4,2,f,1,5,5,f,040000020,08
29,29,0,040000028,4,3,f,1,5,5,f,040000028,08
30,30,0,040000030,4,4,f,1,5,5,f,040000030,08
31,31,0,040000038,4,5,f,1,5,5,f,040000038,08
32,32,0,040000040,4,6,f,1,5,5,f,040000040,08
33,33,0,040000048,4,7,f,1,5,5,f,040000048,08
34,34,0,040000008,4,8,f,1,5,5,f,040000008,08
35,35,0,040000010,4,9,f,1,5,5,f,040000010,08
36,36,0,040000018,4,0,f,1,5,5,f,040000018,08
37,37,0,040000020,4,0,f,1,5,5,f,040000020,08
38,38,0,040000028,4,0,f,1,5,5,f,040000028,08
39,39,0,040000030,4,0,f,1,5,5,f,040000030,08
40,40,0,040000038,4,0,f,1,5,5,f,040000038,08
41,41,0,040000040,4,0,f,1,5,5,f,040000040,08
42,42,0,040000048,4,0,f,1,5,5,f,040000048,08
43,43,0,040000008,4,0,f,1,5,5,f,040000008,08
44,44,0,040000010,4,0,f,1,5,5,f,040000010,08
45,45,0,040000018,4,1,f,1,5,5,f,040000018,08
46,46,0,040000020,4,2,f,1,5,5,f,040000020,08
47,47,0,040000028,4,3,f,1,5,5,f,040000028,08
48,48,0,040000030,4,4,f,1,5,5,f,040000030,08
49,49,0,040000038,4,5,f,1,5,5,f,040000038,08
50,50,0,040000040,4,6,f,1,5,5,f,040000040,08
51,51,0,040000048,4,7,f,1,5,5,f,040000048,08
52,52,0,040000008,4,8,f,1,5,5,f,040000008,08
53,53,0,040000010,4,9,f,1,5,5,f,040000010,08
54,54,0,040000018,4,0,f,1,5,5,f,040000018,08
55,55,0,040000020,4,0,f,1,5,5,f,040000020,08
56,56,0,040000028,4,0,f,1,5,5,f,040000028,08
57,57,0,040000030,4,0,f,1,5,5,f,040000030,08
58,58,0,040000038,4,0,f,1,5,5,f,040000038,08
59,59,0,040000040,4,0,f,1,5,5,f,040000040,08
60,60,0,040000048,4,0,f,1,5,5,f,040000048,08
61,61,0,040000008,4,0,f,1,5,5,f,040000008,08
62,62,0,040000010,4,0,f,1,5,5,f,040000010,08
63,63,0,040000018,4,1,f,1,5,5,f,040000018,08
64,64,0,040000020,4,2,f,1,5,5,f,040000020,08
65,65,0,040000028,4,3,f,1,5,5,f,040000028,08
66,66,0,040000030,4,4,f,1,5,5,f,040000030,08
67,67,0,040000038,4,5,f,1,5,5,f,040000038,08
68,68,0,040000040,4,6,f,1,5,5,f,040000040,08
69,69,0,040000048,4,7,f,1,5,5,f,040000048,08
70,70,0,040000008,4,8,f,1,5,5,f,040000008,08
71,71,0,040000010,4,9,f,1,5,5,f,040000010,08
72,72,0,040000018,4,0,f,1,5,5,f,040000018,08
73,73,0,040000020,4,0,f,1,5,5,f,040000020,08
74,74,0,040000028,4,0,f,1,5,5,f,040000028,08
75,75,0,040000030,4,0,f,1,5,5,f,040000030,08
76,76,0,040000038,4,0,f,1,5,5,f,040000038,08
77,77,0,040000040,4,0,f,1,5,5,f,040000040,08
78,78,0,040000048,4,0,f,1,5,5,f,040000048,08
79,79,0,040000008,4,0,f,1,5,5,f,040000008,08
80,80,0,040000010,4,0,f,1,5,5,f,040000010,08
81,81,0,040000018,4,1,f,1,5,5,f,040000018,08
82,82,0,040000020,4,2,f,1,5,5,f,040000020,08
83,83,0,040000028,4,3,f,1,5,5,f,040000028,08
84,84,0,040000030,4,4,f,1,5,5,f,040000030,08
85,85,0,040000038,4,5,f,1,5,5,f,040000038,08
86,86,0,040000040,4,6,f,1,4,5,f,040000040,08
87,87,0,040000048,4,7,f,1,4,5,f,040000048,08
88,88,0,040000008,4,8,f,1,5,5,f,040000008,08
89,89,0,040000010,4,9,f,1,5,5,f,040000010,08
90,90,0,040000018,4,0,f,1,5,5,f,040000018,08
91,91,0,040000020,4,0,f,1,5,5,f,040000020,08
92,92,0,040000028,4,0,f,1,5,5,f,040000028,08
93,93,0,040000030,4,0,f,1,5,5,f,040000030,08
94,94,0,040000038,4,0,f,1,5,5,f,040000038,08
95,95,0,040000040,4,0,f,1,5,5,f,040000040,08
96,96,0,040000048,4,0,f,1,5,5,f,040000048,08
97,97,0,040000008,4,0,f,1,5,5,f,040000008,08
98,98,0,040000010,4,0,f,1,5,5,f,040000010,08
99,99,0,040000018,4,1,f,1,5,5,f,040000018,08
100,100,0,040000020,4,2,f,1,5,5,f,040000020,08
101,101,0,040000028,4,3,f,1,5,5,f,040000028,08
102,102,0,040000030,4,4,f,1,5,5,f,040000030,08
103,103,0,040000038,4,5,f,1,5,5,f,040000038,08
104,104,0,040000040,4,6,f,1,5,5,f,040000040,08
105,105,0,040000048,4,7,f,1,5,5,f,040000048,08
106,106,0,040000008,4,8,f,1,5,5,f,040000008,08
107,107,0,040000010,4,9,f,1,5,5,f,040000010,08
108,108,0,040000018,4,0,f,1,5,5,f,040000018,08
109,109,0,040000020,4,0,f,1,5,5,f,040000020,08
110,110,0,040000028,4,0,f,1,5,5,f,040000028,08
111,111,0,040000030,4,0,f,1,5,5,f,040000030,08
112,112,0,040000038,4,0,f,1,5,5,f,040000038,08
113,113,0,040000040,4,0,f,1,5,5,f,040000040,08
114,114,0,040000048,4,0,f,1,5,5,f,040000048,08
115,115,0,040000008,4,0,f,1,5,5,f,040000008,08
116,116,0,040000010,4,0,f,1,5,5,f,040000010,08
117,117,0,040000018,4,1,f,1,5,5,f,040000018,08
118,118,0,040000020,4,2,f,1,5,5,f,040000020,08
119,119,0,040000028,4,3,f,1,5,5,f,040000028,08
120,120,0,040000030,4,4,f,1,5,5,f,040000030,08
121,121,0,040000038,4,5,f,1,5,5,f,040000038,08
122,122,0,040000040,4,6,f,1,5,5,f,040000040,08
123,123,0,040000048,4,7,f,1,5,5,f,040000048,08
124,124,0,040000008,4,8,f,1,5,5,f,040000008,08
125,125,0,040000010,4,9,f,1,5,5,f,040000010,08
126,126,0,040000018,4,0,f,1,5,5,f,040000018,08
127,127,0,040000020,4,0,f,1,5,5,f,040000020,08
128,128,0,040000028,4,0,f,1,5,5,f,040000028,08
129,129,0,040000030,4,0,f,1,5,5,f,040000030,08
130,130,0,040000038,4,0,f,1,5,5,f,040000038,08
131,131,0,040000040,4,0,f,1,5,5,f,040000040,08
132,132,0,040000048,4,0,f,1,5,5,f,040000048,08
133,133,0,040000008,4,0,f,1,5,5,f,040000008,08
134,134,0,040000010,4,0,f,1,5,5,f,040000010,08
135,135,0,040000018,4,1,f,1,5,5,f,040000018,08
136,136,0,040000020,4,2,f,1,5,5,f,040000020,08
137,137,0,040000028,4,3,f,1,5,5,f,040000028,08
138,138,0,040000030,4,4,f,1,5,5,f,040000030,08
139,139,0,040000038,4,5,f,1,5,5,f,040000038,08
140,140,0,040000040,4,6,f,1,5,5,f,040000040,08
141,141,0,040000048,4,7,f,1,5,5,f,040000048,08
142,142,0,040000008,4,8,f,1,5,5,f,040000008,08
143,143,0,040000010,4,9,f,1,5,5,f,040000010,08
144,144,0,040000018,4,0,f,1,5,5,f,040000018,08
145,145,0,040000020,4,0,f,1,5,5,f,040000020,08
146,146,0,040000028,4,0,f,1,5,5,f,040000028,08
147,147,0,040000030,4,0,f,1,5,5,f,040000030,08
148,148,0,040000038,4,0,f,1,5,5,f,040000038,08
149,149,0,040000040,4,0,f,1,5,5,f,040000040,08
150,150,0,040000048,4,0,f,1,5,5,f,040000048,08
151,151,0,040000008,4,0,f,1,5,5,f,040000008,08
152,152,0,040000010,4,0,f,1,5,5,f,040000010,08
153,153,0,040000018,4,1,f,1,5,5,f,040000018,08
154,154,0,040000020,4,2,f,1,5,5,f,040000020,08
155,155,0,040000028,4,3,f,1,5,5,f,040000028,08
156,156,0,040000030,4,4,f,1,5,5,f,040000030,08
157,157,0,040000038,4,5,f,1,5,5,f,040000038,08
158,158,0,040000040,4,6,f,1,5,5,f,040000040,08
159,159,0,040000048,4,7,f,1,5,5,f,040000048,08
160,160,0,040000008,4,8,f,1,5,5,f,040000008,08
161,161,0,040000010,4,9,f,1,5,5,f,040000010,08
162,162,0,040000018,4,0,f,1,5,5,f,040000018,08
163,163,0,040000020,4,0,f,1,5,5,f,040000020,08
164,164,0,040000028,4,0,f,1,5,5,f,040000028,08
165,165,0,040000030,4,0,f,1,5,5,f,040000030,08
166,166,0,040000038,4,0,f,1,4,5,f,040000038,08
167,167,0,040000040,4,0,f,1,4,5,f,040000040,08
168,168,0,040000048,4,0,f,1,5,5,f,040000048,08
169,169,0,040000008,4,0,f,1,5,5,f,040000008,08
170,170,0,040000010,4,0,f,1,5,5,f,040000010,08
171,171,0,040000018,4,1,f,1,5,5,f,040000018,08
172,172,0,040000020,4,2,f,1,5,5,f,040000020,08
173,173,0,040000028,4,3,f,1,5,5,f,040000028,08
174,174,0,040000030,4,4,f,1,5,5,f,040000030,08
175,175,0,040000038,4,5,f,1,5,5,f,040000038,08
176,176,0,040000040,4,6,f,1,5,5,f,040000040,08
177,177,0,040000048,4,7,f,1,5,5,f,040000048,08
178,178,0,040000008,4,8,f,1,5,5,f,040000008,08
179,179,0,040000010,4,9,f,1,5,5,f,040000010,08
180,180,0,040000018,4,0,f,1,5,5,f,040000018,08
181,181,0,040000020,4,0,f,1,5,5,f,040000020,08
182,182,0,040000028,4,0,f,1,5,5,f,040000028,08
183,183,0,040000030,4,0,f,1,5,5,f,040000030,08
184,184,0,040000038,4,0,f,1,5,5,f,040000038,08
185,185,0,040000040,4,0,f,1,5,5,f,040000040,08
186,186,0,040000048,4,0,f,1,5,5,f,040000048,08
187,187,0,040000008,4,0,f,1,5,5,f,040000008,08
188,188,0,040000010,4,0,f,1,5,5,f,040000010,08
189,189,0,040000018,4,1,f,1,5,5,f,040000018,08
190,190,0,040000020,4,2,f,1,5,5,f,040000020,08
191,191,0,040000028,4,3,f,1,5,5,f,040000028,08
192,192,0,040000030,4,4,f,1,5,5,f,040000030,08
193,193,0,040000038,4,5,f,1,5,5,f,040000038,08
194,194,0,040000040,4,6,f,1,5,5,f,040000040,08
195,195,0,040000048,4,7,f,1,5,5,f,040000048,08
196,196,0,040000008,4,8,f,1,5,5,f,040000008,08
197,197,0,040000010,4,9,f,1,5,5,f,040000010,08
198,198,0,040000018,4,0,f,1,5,5,f,040000018,08
199,199,0,040000020,4,0,f,1,5,5,f,040000020,08
200,200,0,040000028,4,0,f,1,5,5,f,040000028,08
201,201,0,040000030,4,0,f,1,5,5,f,040000030,08
202,202,0,040000038,4,0,f,1,5,5,f,040000038,08
203,203,0,040000040,4,0,f,1,5,5,f,040000040,08
204,204,0,040000048,4,0,f,1,5,5,f,040000048,08
205,205,0,040000008,4,0,f,1,5,5,f,040000008,08
206,206,0,040000010,4,0,f,1,5,5,f,040000010,08
207,207,0,040000018,4,1,f,1,5,5,f,040000018,08
208,208,0,040000020,4,2,f,1,5,5,f,040000020,08
209,209,0,040000028,4,3,f,1,5,5,f,040000028,08
210,210,0,040000030,4,4,f,1,5,5,f,040000030,08
211,211,0,040000038,4,5,f,1,5,5,f,040000038,08
212,212,0,040000040,4,6,f,1,5,5,f,040000040,08
213,213,0,040000048,4,7,f,1,5,5,f,040000048,08
214,214,0,040000008,4,8,f,1,5,5,f,040000008,08
215,215,0,040000010,4,9,f,1,5,5,f,040000010,08
216,216,0,040000018,4,0,f,1,5,5,f,040000018,08
217,217,0,040000020,4,0,f,1,5,5,f,040000020,08
218,218,0,040000028,4,0,f,1,5,5,f,040000028,08
219,219,0,040000030,4,0,f,1,5,5,f,040000030,08
220,220,0,040000038,4,0,f,1,5,5,f,040000038,08
221,221,0,040000040,4,0,f,1,5,5,f,040000040,08
222,222,0,040000048,4,0,f,1,5,5,f,040000048,08
223,223,0,040000008,4,0,f,1,5,5,f,040000008,08
224,224,0,040000010,4,0,f,1,5,5,f,040000010,08
225,225,0,040000018,4,1,f,1,5,5,f,040000018,08
226,226,0,040000020,4,2,f,1,5,5,f,040000020,08
227,227,0,040000028,4,3,f,1,5,5,f,040000028,08
228,228,0,040000030,4,4,f,1,5,5,f,040000030,08
229,229,0,040000038,4,5,f,1,5,5,f,040000038,08
230,230,0,040000040,4,6,f,1,5,5,f,040000040,08
231,231,0,040000048,4,7,f,1,5,5,f,040000048,08
232,232,0,040000008,4,8,f,1,5,5,f,040000008,08
233,233,0,040000010,4,9,f,1,5,5,f,040000010,08
234,234,0,040000018,4,0,f,1,5,5,f,040000018,08
235,235,0,040000020,4,0,f,1,5,5,f,040000020,08
236,236,0,040000028,4,0,f,1,5,5,f,040000028,08
237,237,0,040000030,4,0,f,1,5,5,f,040000030,08
238,238,0,040000038,4,0,f,1,5,5,f,040000038,08
239,239,0,040000040,4,0,f,1,5,5,f,040000040,08
240,240,0,040000048,4,0,f,1,5,5,f,040000048,08
241,241,0,040000008,4,0,f,1,5,5,f,040000008,08
242,242,0,040000010,4,0,f,1,5,5,f,040000010,08
243,243,0,040000018,4,1,f,1,5,5,f,040000018,08
244,244,0,040000020,4,2,f,1,5,5,f,040000020,08
245,245,0,040000028,4,3,f,1,5,5,f,040000028,08
246,246,0,040000030,4,4,f,1,4,5,f,040000030,08
247,247,0,040000038,4,5,f,1,4,5,f,040000038,08
248,248,0,040000040,4,6,f,1,5,5,f,040000040,08
249,249,0,040000048,4,7,f,1,5,5,f,040000048,08
250,250,0,040000008,4,8,f,1,5,5,f,040000008,08
251,251,0,040000010,4,9,f,1,5,5,f,040000010,08
252,252,0,040000018,4,0,f,1,5,5,f,040000018,08
253,253,0,040000020,4,0,f,1,5,5,f,040000020,08
254,254,0,040000028,4,0,f,1,5,5,f,040000028,08
255,255,0,040000030,4,0,f,1,5,5,f,040000030,08
256,256,0,040000038,4,0,f,1,5,5,f,040000038,08
257,257,0,040000040,4,0,f,1,5,5,f,040000040,08
258,258,0,040000048,4,0,f,1,5,5,f,040000048,08
259,259,0,040000008,4,0,f,1,5,5,f,040000008,08
260,260,0,040000010,4,0,f,1,5,5,f,040000010,08
261,261,0,040000018,4,1,f,1,5,5,f,040000018,08
262,262,0,040000020,4,2,f,1,5,5,f,040000020,08
263,263,0,040000028,4,3,f,1,5,5,f,040000028,08
264,264,0,040000030,4,4,f,1,5,5,f,040000030,08
265,265,0,040000038,4,5,f,1,5,5,f,040000038,08
266,266,0,040000040,4,6,f,1,5,5,f,040000040,08
267,267,0,040000048,4,7,f,1,5,5,f,040000048,08
268,268,0,040000008,4,8,f,1,5,5,f,040000008,08
269,269,0,040000010,4,9,f,1,5,5,f,040000010,08
270,270,0,040000018,4,0,f,1,5,5,f,040000018,08
271,271,0,040000020,4,0,f,1,5,5,f,040000020,08
272,272,0,040000028,4,0,f,1,5,5,f,040000028,08
273,273,0,040000030,4,0,f,1,5,5,f,040000030,08
274,274,0,040000038,4,0,f,1,5,5,f,040000038,08
275,275,0,040000040,4,0,f,1,5,5,f,040000040,08
276,276,0,040000048,4,0,f,1,5,5,f,040000048,08
277,277,0,040000008,4,0,f,1,5,5,f,040000008,08
278,278,0,040000010,4,0,f,1,5,5,f,040000010,08
279,279,0,040000018,4,1,f,1,5,5,f,040000018,08
280,280,0,040000020,4,2,f,1,5,5,f,040000020,08
281,281,0,040000028,4,3,f,1,5,5,f,040000028,08
282,282,0,040000030,4,4,f,1,5,5,f,040000030,08
283,283,0,040000038,4,5,f,1,5,5,f,040000038,08
284,284,0,040000040,4,6,f,1,5,5,f,040000040,08
285,285,0,040000048,4,7,f,1,5,5,f,040000048,08
286,286,0,040000008,4,8,f,1,5,5,f,040000008,08
287,287,0,040000010,4,9,f,1,5,5,f,040000010,08
288,288,0,040000018,4,0,f,1,5,5,f,040000018,08
289,289,0,040000020,4,0,f,1,5,5,f,040000020,08
290,290,0,040000028,4,0,f,1,5,5,f,040000028,08
291,291,0,040000030,4,0,f,1,5,5,f,040000030,08
292,292,0,040000038,4,0,f,1,5,5,f,040000038,08
293,293,0,040000040,4,0,f,1,5,5,f,040000040,08
294,294,0,040000048,4,0,f,1,5,5,f,040000048,08
295,295,0,040000008,4,0,f,1,5,5,f,040000008,08
296,296,0,040000010,4,0,f,1,5,5,f,040000010,08
297,297,0,040000018,4,1,f,1,5,5,f,040000018,08
298,298,0,040000020,4,2,f,1,5,5,f,040000020,08
299,299,0,040000028,4,3,f,1,5,5,f,040000028,08
300,300,0,040000030,4,4,f,1,5,5,f,040000030,08
301,301,0,040000038,4,5,f,1,5,5,f,040000038,08
302,302,0,040000040,4,6,f,1,5,5,f,040000040,08
303,303,0,040000048,4,7,f,1,5,5,f,040000048,08
304,304,0,040000008,4,8,f,1,5,5,f,040000008,08
305,305,0,040000010,4,9,f,1,5,5,f,040000010,08
306,306,0,040000018,4,0,f,1,5,5,f,040000018,08
307,307,0,040000020,4,0,f,1,5,5,f,040000020,08
308,308,0,040000028,4,0,f,1,5,5,f,040000028,08
309,309,0,040000030,4,0,f,1,5,5,f,040000030,08
310,310,0,040000038,4,0,f,1,5,5,f,040000038,08
311,311,0,040000040,4,0,f,1,5,5,f,040000040,08
312,312,0,040000048,4,0,f,1,5,5,f,040000048,08
313,313,0,040000008,4,0,f,1,5,5,f,040000008,08
314,314,0,040000010,4,0,f,1,5,5,f,040000010,08
315,315,0,040000018,4,1,f,1,5,5,f,040000018,08
316,316,0,040000020,4,2,f,1,5,5,f,040000020,08
317,317,0,040000028,4,3,f,1,5,5,f,040000028,08
318,318,0,040000030,4,4,f,1,5,5,f,040000030,08
319,319,0,040000038,4,5,f,1,5,5,f,040000038,08
320,320,0,040000040,4,6,f,1,5,5,f,040000040,08
321,321,0,040000048,4,7,f,1,5,5,f,040000048,08
322,322,0,040000008,4,8,f,1,5,5,f,040000008,08
323,323,0,040000010,4,9,f,1,5,5,f,040000010,08
324,324,0,040000018,4,0,f,1,5,5,f,040000018,08
325,325,0,040000020,4,0,f,1,5,5,f,040000020,08
326,326,0,040000028,4,0,f,1,4,5,f,040000028,08
327,327,0,040000030,4,0,f,1,4,5,f,040000030,08
328,328,0,040000038,4,0,f,1,5,5,f,040000038,08
329,329,0,040000040,4,0,f,1,5,5,f,040000040,08
330,330,0,040000048,4,0,f,1,5,5,f,040000048,08
331,331,0,040000008,4,0,f,1,5,5,f,040000008,08
332,332,0,040000010,4,0,f,1,5,5,f,040000010,08
333,333,0,040000018,4,1,f,1,5,5,f,040000018,08
334,334,0,040000020,4,2,f,1,5,5,f,040000020,08
335,335,0,040000028,4,3,f,1,5,5,f,040000028,08
336,336,0,040000030,4,4,f,1,5,5,f,040000030,08
337,337,0,040000038,4,5,f,1,5,5,f,040000038,08
338,338,0,040000040,4,6,f,1,5,5,f,040000040,08
339,339,0,040000048,4,7,f,1,5,5,f,040000048,08
340,340,0,040000008,4,8,f,1,5,5,f,040000008,08
341,341,0,040000010,4,9,f,1,5,5,f,040000010,08
342,342,0,040000018,4,0,f,1,5,5,f,040000018,08
343,343,0,040000020,4,0,f,1,5,5,f,040000020,08
344,344,0,040000028,4,0,f,1,5,5,f,040000028,08
345,345,0,040000030,4,0,f,1,5,5,f,040000030,08
346,346,0,040000038,4,0,f,1,5,5,f,040000038,08
347,347,0,040000040,4,0,f,1,5,5,f,040000040,08
348,348,0,040000048,4,0,f,1,5,5,f,040000048,08
349,349,0,040000008,4,0,f,1,5,5,f,040000008,08
350,350,0,040000010,4,0,f,1,5,5,f,040000010,08
351,351,0,040000018,4,1,f,1,5,5,f,040000018,08
352,352,0,040000020,4,2,f,1,5,5,f,040000020,08
353,353,0,040000028,4,3,f,1,5,5,f,040000028,08
354,354,0,040000030,4,4,f,1,5,5,f,040000030,08
355,355,0,040000038,4,5,f,1,5,5,f,040000038,08
356,356,0,040000040,4,6,f,1,5,5,f,040000040,08
357,357,0,040000048,4,7,f,1,5,5,f,040000048,08
358,358,0,040000008,4,8,f,1,5,5,f,040000008,08
359,359,0,040000010,4,9,f,1,5,5,f,040000010,08
360,360,0,040000018,4,0,f,1,5,5,f,040000018,08
361,361,0,040000020,4,0,f,1,5,5,f,040000020,08
362,362,0,040000028,4,0,f,1,5,5,f,040000028,08
363,363,0,040000030,4,0,f,1,5,5,f,040000030,08
364,364,0,040000038,4,0,f,1,5,5,f,040000038,08
365,365,0,040000040,4,0,f,1,5,5,f,040000040,08
366,366,0,040000048,4,0,f,1,5,5,f,040000048,08
367,367,0,040000008,4,0,f,1,5,5,f,040000008,08
368,368,0,040000010,4,0,f,1,5,5,f,040000010,08
369,369,0,040000018,4,1,f,1,5,5,f,040000018,08
370,370,0,040000020,4,2,f,1,5,5,f,040000020,08
371,371,0,040000028,4,3,f,1,5,5,f,040000028,08
372,372,0,040000030,4,4,f,1,5,5,f,040000030,08
373,373,0,040000038,4,5,f,1,5,5,f,040000038,08
374,374,0,040000040,4,6,f,1,5,5,f,040000040,08
375,375,0,040000048,4,7,f,1,5,5,f,040000048,08
376,376,0,040000008,4,8,f,1,5,5,f,040000008,08
377,377,0,040000010,4,9,f,1,5,5,f,040000010,08
378,378,0,040000018,4,0,f,1,5,5,f,040000018,08
379,379,0,040000020,4,0,f,1,5,5,f,040000020,08
380,380,0,040000028,4,0,f,1,5,5,f,040000028,08
381,381,0,040000030,4,0,f,1,5,5,f,040000030,08
382,382,0,040000038,4,0,f,1,5,5,f,040000038,08
383,383,0,040000040,4,0,f,1,5,5,f,040000040,08
384,384,0,040000048,4,0,f,1,5,5,f,040000048,08
385,385,0,040000008,4,0,f,1,5,5,f,040000008,08
386,386,0,040000010,4,0,f,1,5,5,f,040000010,08
387,387,0,040000018,4,1,f,1,5,5,f,040000018,08
388,388,0,040000020,4,2,f,1,5,5,f,040000020,08
389,389,0,040000028,4,3,f,1,5,5,f,040000028,08
390,390,0,040000030,4,4,f,1,5,5,f,040000030,08
391,391,0,040000038,4,5,f,1,5,5,f,040000038,08
392,392,0,040000040,4,6,f,1,5,5,f,040000040,08
393,393,0,040000048,4,7,f,1,5,5,f,040000048,08
394,394,0,040000008,4,8,f,1,5,5,f,040000008,08
395,395,0,040000010,4,9,f,1,5,5,f,040000010,08
396,396,0,040000018,4,0,f,1,5,5,f,040000018,08
397,397,0,040000020,4,0,f,1,5,5,f,040000020,08
398,398,0,040000028,4,0,f,1,5,5,f,040000028,08
399,399,0,040000030,4,0,f,1,5,5,f,040000030,08
400,400,0,040000038,4,0,f,1,5,5,f,040000038,08
401,401,0,040000040,4,0,f,1,5,5,f,040000040,08
402,402,0,040000048,4,0,f,1,5,5,f,040000048,08
403,403,0,040000008,4,0,f,1,5,5,f,040000008,08
404,404,0,040000010,4,0,f,1,5,5,f,040000010,08
405,405,0,040000018,4,1,f,1,5,5,f,040000018,08
406,406,0,040000020,4,2,f,1,5,5,f,040000020,08
407,407,0,040000028,4,3,f,1,5,5,f,040000028,08
408,408,0,040000030,4,4,f,1,5,5,f,040000030,08
409,409,0,040000038,4,5,f,1,5,5,f,040000038,08
410,410,0,040000040,4,6,f,1,5,5,f,040000040,08
411,411,0,040000048,4,7,f,1,5,5,f,040000048,08
412,412,0,040000008,4,8,f,1,5,5,f,040000008,08
413,413,0,040000010,4,9,f,1,5,5,f,040000010,08
414,414,0,040000018,4,0,f,1,5,5,f,040000018,08
415,415,0,040000020,4,0,f,1,5,5,f,040000020,08
416,416,0,040000028,4,0,f,1,5,5,f,040000028,08
417,417,0,040000030,4,0,f,1,5,5,f,040000030,08
418,418,0,040000038,4,0,f,1,5,5,f,040000038,08
419,419,0,040000040,4,0,f,1,5,5,f,040000040,08
420,420,0,040000048,4,0,f,1,5,5,f,040000048,08
421,421,0,040000008,4,0,f,1,5,5,f,040000008,08
422,422,0,040000010,4,0,f,1,4,5,f,040000010,08
423,423,0,040000018,4,1,f,1,4,5,f,040000018,08
424,424,0,040000020,4,2,f,1,5,5,f,040000020,08
425,425,0,040000028,4,3,f,1,5,5,f,040000028,08
426,426,0,040000030,4,4,f,1,5,5,f,040000030,08
427,427,0,040000038,4,5,f,1,5,5,f,040000038,08
428,428,0,040000040,4,6,f,1,5,5,f,040000040,08
429,429,0,040000048,4,7,f,1,5,5,f,040000048,08
430,430,0,040000008,4,8,f,1,5,5,f,040000008,08
431,431,0,040000010,4,9,f,1,5,5,f,040000010,08
432,432,0,040000018,4,0,f,1,5,5,f,040000018,08
433,433,0,040000020,4,0,f,1,5,5,f,040000020,08
434,434,0,040000028,4,0,f,1,5,5,f,040000028,08
435,435,0,040000030,4,0,f,1,5,5,f,040000030,08
436,436,0,040000038,4,0,f,1,5,5,f,040000038,08
437,437,0,040000040,4,0,f,1,5,5,f,040000040,08
438,438,0,040000048,4,0,f,1,5,5,f,040000048,08
439,439,0,040000008,4,0,f,1,5,5,f,040000008,08
440,440,0,040000010,4,0,f,1,5,5,f,040000010,08
441,441,0,040000018,4,1,f,1,5,5,f,040000018,08
442,442,0,040000020,4,2,f,1,5,5,f,040000020,08
443,443,0,040000028,4,3,f,1,5,5,f,040000028,08
444,444,0,040000030,4,4,f,1,5,5,f,040000030,08
445,445,0,040000038,4,5,f,1,5,5,f,040000038,08
446,446,0,040000040,4,6,f,1,5,5,f,040000040,08
447,447,0,040000048,4,7,f,1,5,5,f,040000048,08
448,448,0,040000008,4,8,f,1,5,5,f,040000008,08
449,449,0,040000010,4,9,f,1,5,5,f,040000010,08
450,450,0,040000018,4,0,f,1,5,5,f,040000018,08
451,451,0,040000020,4,0,f,1,5,5,f,040000020,08
452,452,0,040000028,4,0,f,1,5,5,f,040000028,08
453,453,0,040000030,4,0,f,1,5,5,f,040000030,08
454,454,0,040000038,4,0,f,1,5,5,f,040000038,08
455,455,0,040000040,4,0,f,1,5,5,f,040000040,08
456,456,0,040000048,4,0,f,1,5,5,f,040000048,08
457,457,0,040000008,4,0,f,1,5,5,f,040000008,08
458,458,0,040000010,4,0,f,1,5,5,f,040000010,08
459,459,0,040000018,4,1,f,1,5,5,f,040000018,08
460,460,0,040000020,4,2,f,1,5,5,f,040000020,08
461,461,0,040000028,4,3,f,1,5,5,f,040000028,08
462,462,0,040000030,4,4,f,1,5,5,f,040000030,08
463,463,0,040000038,4,5,f,1,5,5,f,040000038,08
464,464,0,040000040,4,6,f,1,5,5,f,040000040,08
465,465,0,040000048,4,7,f,1,5,5,f,040000048,08
466,466,0,040000008,4,8,f,1,5,5,f,040000008,08
467,467,0,040000010,4,9,f,1,5,5,f,040000010,08
468,468,0,040000018,4,0,f,1,5,5,f,040000018,08
469,469,0,040000020,4,0,f,1,5,5,f,040000020,08
470,470,0,040000028,4,0,f,1,5,5,f,040000028,08
471,471,0,040000030,4,0,f,1,5,5,f,040000030,08
472,472,0,040000038,4,0,f,1,5,5,f,040000038,08
473,473,0,040000040,4,0,f,1,5,5,f,040000040,08
474,474,0,040000048,4,0,f,1,5,5,f,040000048,08
475,475,0,040000008,4,0,f,1,5,5,f,040000008,08
476,476,0,040000010,4,0,f,1,5,5,f,040000010,08
477,477,0,040000018,4,1,f,1,5,5,f,040000018,08
478,478,0,040000020,4,2,f,1,5,5,f,040000020,08
479,479,0,040000028,4,3,f,1,5,5,f,040000028,08
480,480,0,040000030,4,4,f,1,5,5,f,040000030,08
481,481,0,040000038,4,5,f,1,5,5,f,040000038,08
482,482,0,040000040,4,6,f,1,5,5,f,040000040,08
483,483,0,040000048,4,7,f,1,5,5,f,040000048,08
484,484,0,040000008,4,8,f,1,5,5,f,040000008,08
485,485,0,040000010,4,9,f,1,5,5,f,040000010,08
486,486,0,040000018,4,0,f,1,5,5,f,040000018,08
487,487,0,040000020,4,0,f,1,5,5,f,040000020,08
488,488,0,040000028,4,0,f,1,5,5,f,040000028,08
489,489,0,040000030,4,0,f,1,5,5,f,040000030,08
490,490,0,040000038,4,0,f,1,5,5,f,040000038,08
491,491,0,040000040,4,0,f,1,5,5,f,040000040,08
492,492,0,040000048,4,0,f,1,5,5,f,040000048,08
493,493,0,040000008,4,0,f,1,5,5,f,040000008,08
494,494,0,040000010,4,0,f,1,5,5,f,040000010,08
495,495,0,040000018,4,1,f,1,5,5,f,040000018,08
496,496,0,040000020,4,2,f,1,5,5,f,040000020,08
497,497,0,040000028,4,3,f,1,5,5,f,040000028,08
498,498,0,040000030,4,4,f,1,5,5,f,040000030,08
499,499,0,040000038,4,5,f,1,5,5,f,040000038,08
500,500,0,040000040,4,6,f,1,5,5,f,040000040,08
501,501,0,040000048,4,7,f,1,5,5,f,040000048,08
502,502,0,040000008,4,8,f,1,4,5,f,040000008,08
503,503,0,040000010,4,9,f,1,4,5,f,040000010,08
504,504,0,040000018,4,0,f,1,5,5,f,040000018,08
505,505,0,040000020,4,0,f,1,5,5,f,040000020,08
506,506,0,040000028,4,0,f,1,5,5,f,040000028,08
507,507,0,040000030,4,0,f,1,5,5,f,040000030,08
508,508,0,040000038,4,0,f,1,5,5,f,040000038,08
509,509,0,040000040,4,0,f,1,5,5,f,040000040,08
510,510,0,040000048,4,0,f,1,5,5,f,040000048,08
511,511,0,040000008,4,0,f,1,5,5,f,040000008,08
512,512,0,040000010,4,0,f,1,5,5,f,040000010,08
513,513,0,040000018,4,1,f,1,5,5,f,040000018,08
514,514,0,040000020,4,2,f,1,5,5,f,040000020,08
515,515,0,040000028,4,3,f,1,5,5,f,040000028,08
516,516,0,040000030,4,4,f,1,5,5,f,040000030,08
517,517,0,040000038,4,5,f,1,5,5,f,040000038,08
518,518,0,040000040,4,6,f,1,5,5,f,040000040,08
519,519,0,040000048,4,7,f,1,5,5,f,040000048,08
520,520,0,040000008,4,8,f,1,5,5,f,040000008,08
521,521,0,040000010,4,9,f,1,5,5,f,040000010,08
522,522,0,040000018,4,0,f,1,5,5,f,040000018,08
523,523,0,040000020,4,0,f,1,5,5,f,040000020,08
524,524,0,040000028,4,0,f,1,5,5,f,040000028,08
525,525,0,040000030,4,0,f,1,5,5,f,040000030,08
526,526,0,040000038,4,0,f,1,5,5,f,040000038,08
527,527,0,040000040,4,0,f,1,5,5,f,040000040,08
528,528,0,040000048,4,0,f,1,5,5,f,040000048,08
529,529,0,040000008,4,0,f,1,5,5,f,040000008,08
530,530,0,040000010,4,0,f,1,5,5,f,040000010,08
531,531,0,040000018,4,1,f,1,5,5,f,040000018,08
532,532,0,040000020,4,2,f,1,5,5,f,040000020,08
533,533,0,040000028,4,3,f,1,5,5,f,040000028,08
534,534,0,040000030,4,4,f,1,5,5,f,040000030,08
535,535,0,040000038,4,5,f,1,5,5,f,040000038,08
536,536,0,040000040,4,6,f,1,5,5,f,040000040,08
537,537,0,040000048,4,7,f,1,5,5,f,040000048,08
538,538,0,040000008,4,8,f,1,5,5,f,040000008,08
539,539,0,040000010,4,9,f,1,5,5,f,040000010,08
540,540,0,040000018,4,0,f,1,5,5,f,040000018,08
541,541,0,040000020,4,0,f,1,5,5,f,040000020,08
542,542,0,040000028,4,0,f,1,5,5,f,040000028,08
543,543,0,040000030,4,0,f,1,5,5,f,040000030,08
544,544,0,040000038,4,0,f,1,5,5,f,040000038,08
545,545,0,040000040,4,0,f,1,5,5,f,040000040,08
546,546,0,040000048,4,0,f,1,5,5,f,040000048,08
547,547,0,040000008,4,0,f,1,5,5,f,040000008,08
548,548,0,040000010,4,0,f,1,5,5,f,040000010,08
549,549,0,040000018,4,1,f,1,5,5,f,040000018,08
550,550,0,040000020,4,2,f,1,5,5,f,040000020,08
551,551,0,040000028,4,3,f,1,5,5,f,040000028,08
552,552,0,040000030,4,4,f,1,5,5,f,040000030,08
553,553,0,040000038,4,5,f,1,5,5,f,040000038,08
554,554,0,040000040,4,6,f,1,5,5,f,040000040,08
555,555,0,040000048,4,7,f,1,5,5,f,040000048,08
556,556,0,040000008,4,8,f,1,5,5,f,040000008,08
557,557,0,040000010,4,9,f,1,5,5,f,040000010,08
558,558,0,040000018,4,0,f,1,5,5,f,040000018,08
559,559,0,040000020,4,0,f,1,5,5,f,040000020,08
560,560,0,040000028,4,0,f,1,5,5,f,040000028,08
561,561,0,040000030,4,0,f,1,5,5,f,040000030,08
562,562,0,040000038,4,0,f,1,5,5,f,040000038,08
563,563,0,040000040,4,0,f,1,5,5,f,040000040,08
564,564,0,040000048,4,0,f,1,5,5,f,040000048,08
565,565,0,040000008,4,0,f,1,5,5,f,040000008,08
566,566,0,040000010,4,0,f,1,5,5,f,040000010,08
567,567,0,040000018,4,1,f,1,5,5,f,040000018,08
568,568,0,040000020,4,2,f,1,5,5,f,040000020,08
569,569,0,040000028,4,3,f,1,5,5,f,040000028,08
570,570,0,040000030,4,4,f,1,5,5,f,040000030,08
571,571,0,040000038,4,5,f,1,5,5,f,040000038,08
572,572,0,040000040,4,6,f,1,5,5,f,040000040,08
573,573,0,040000048,4,7,f,1,5,5,f,040000048,08
574,574,0,040000008,4,8,f,1,5,5,f,040000008,08
575,575,0,040000010,4,9,f,1,5,5,f,040000010,08
576,576,0,040000018,4,0,f,1,5,5,f,040000018,08
577,577,0,040000020,4,0,f,1,5,5,f,040000020,08
578,578,0,040000028,4,0,f,1,5,5,f,040000028,08
579,579,0,040000030,4,0,f,1,5,5,f,040000030,08
580,580,0,040000038,4,0,f,1,5,5,f,040000038,08
581,581,0,040000040,4,0,f,1,5,5,f,040000040,08
582,582,0,040000048,4,0,f,1,4,5,f,040000048,08
583,583,0,040000008,4,0,f,1,4,5,f,040000008,08
584,584,0,040000010,4,0,f,1,5,5,f,040000010,08
585,585,0,040000018,4,1,f,1,5,5,f,040000018,08
586,586,0,040000020,4,2,f,1,5,5,f,040000020,08
587,587,0,040000028,4,3,f,1,5,5,f,040000028,08
588,588,0,040000030,4,4,f,1,5,5,f,040000030,08
589,589,0,040000038,4,5,f,1,5,5,f,040000038,08
590,590,0,040000040,4,6,f,1,5,5,f,040000040,08
591,591,0,040000048,4,7,f,1,5,5,f,040000048,08
592,592,0,040000008,4,8,f,1,5,5,f,040000008,08
593,593,0,040000010,4,9,f,1,5,5,f,040000010,08
594,594,0,040000018,4,0,f,1,5,5,f,040000018,08
595,595,0,040000020,4,0,f,1,5,5,f,040000020,08
596,596,0,040000028,4,0,f,1,5,5,f,040000028,08
597,597,0,040000030,4,0,f,1,5,5,f,040000030,08
598,598,0,040000038,4,0,f,1,5,5,f,040000038,08
599,599,0,040000040,4,0,f,1,5,5,f,040000040,08
600,600,0,040000048,4,0,f,1,5,5,f,040000048,08
601,601,0,040000008,4,0,f,1,5,5,f,040000008,08
602,602,0,040000010,4,0,f,1,5,5,f,040000010,08
603,603,0,040000018,4,1,f,1,5,5,f,040000018,08
604,604,0,040000020,4,2,f,1,5,5,f,040000020,08
605,605,0,040000028,4,3,f,1,5,5,f,040000028,08
606,606,0,040000030,4,4,f,1,5,5,f,040000030,08
607,607,0,040000038,4,5,f,1,5,5,f,040000038,08
608,608,0,040000040,4,6,f,1,5,5,f,040000040,08
609,609,0,040000048,4,7,f,1,5,5,f,040000048,08
610,610,0,040000008,4,8,f,1,5,5,f,040000008,08
611,611,0,040000010,4,9,f,1,5,5,f,040000010,08
612,612,0,040000018,4,0,f,1,5,5,f,040000018,08
613,613,0,040000020,4,0,f,1,5,5,f,040000020,08
614,614,0,040000028,4,0,f,1,5,5,f,040000028,08
615,615,0,040000030,4,0,f,1,5,5,f,040000030,08
616,616,0,040000038,4,0,f,1,5,5,f,040000038,08
617,617,0,040000040,4,0,f,1,5,5,f,040000040,08
618,618,0,040000048,4,0,f,1,5,5,f,040000048,08
619,619,0,040000008,4,0,f,1,5,5,f,040000008,08
620,620,0,040000010,4,0,f,1,5,5,f,040000010,08
621,621,0,040000018,4,1,f,1,5,5,f,040000018,08
622,622,0,040000020,4,2,f,1,5,5,f,040000020,08
623,623,0,040000028,4,3,f,1,5,5,f,040000028,08
624,624,0,040000030,4,4,f,1,5,5,f,040000030,08
625,625,0,040000038,4,5,f,1,5,5,f,040000038,08
626,626,0,040000040,4,6,f,1,5,5,f,040000040,08
627,627,0,040000048,4,7,f,1,5,5,f,040000048,08
628,628,0,040000008,4,8,f,1,5,5,f,040000008,08
629,629,0,040000010,4,9,f,1,5,5,f,040000010,08
630,630,0,040000018,4,0,f,1,5,5,f,040000018,08
631,631,0,040000020,4,0,f,1,5,5,f,040000020,08
632,632,0,040000028,4,0,f,1,5,5,f,040000028,08
633,633,0,040000030,4,0,f,1,5,5,f,040000030,08
634,634,0,040000038,4,0,f,1,5,5,f,040000038,08
635,635,0,040000040,4,0,f,1,5,5,f,040000040,08
636,636,0,040000048,4,0,f,1,5,5,f,040000048,08
637,637,0,040000008,4,0,f,1,5,5,f,040000008,08
638,638,0,040000010,4,0,f,1,5,5,f,040000010,08
639,639,0,040000018,4,1,f,1,5,5,f,040000018,08
640,640,0,040000020,4,2,f,1,5,5,f,040000020,08
641,641,0,040000028,4,3,f,1,5,5,f,040000028,08
642,642,0,040000030,4,4,f,1,5,5,f,040000030,08
643,643,0,040000038,4,5,f,1,5,5,f,040000038,08
644,644,0,040000040,4,6,f,1,5,5,f,040000040,08
645,645,0,040000048,4,7,f,1,5,5,f,040000048,08
646,646,0,040000008,4,8,f,1,5,5,f,040000008,08
647,647,0,040000010,4,9,f,1,5,5,f,040000010,08
648,648,0,040000018,4,0,f,1,5,5,f,040000018,08
649,649,0,040000020,4,0,f,1,5,5,f,040000020,08
650,650,0,040000028,4,0,f,1,5,5,f,040000028,08
651,651,0,040000030,4,0,f,1,5,5,f,040000030,08
652,652,0,040000038,4,0,f,1,5,5,f,040000038,08
653,653,0,040000040,4,0,f,1,5,5,f,040000040,08
654,654,0,040000048,4,0,f,1,5,5,f,040000048,08
655,655,0,040000008,4,0,f,1,5,5,f,040000008,08
656,656,0,040000010,4,0,f,1,5,5,f,040000010,08
657,657,0,040000018,4,1,f,1,5,5,f,040000018,08
658,658,0,040000020,4,2,f,1,5,5,f,040000020,08
659,659,0,040000028,4,3,f,1,5,5,f,040000028,08
660,660,0,040000030,4,4,f,1,5,5,f,040000030,08
661,661,0,040000038,4,5,f,1,5,5,f,040000038,08
662,662,0,040000040,4,6,f,1,4,5,f,040000040,08
663,663,0,040000048,4,7,f,1,4,5,f,040000048,08
664,664,0,040000008,4,8,f,1,5,5,f,040000008,08
665,665,0,040000010,4,9,f,1,5,5,f,040000010,08
666,666,0,040000018,4,0,f,1,5,5,f,040000018,08
667,667,0,040000020,4,0,f,1,5,5,f,040000020,08
668,668,0,040000028,4,0,f,1,5,5,f,040000028,08
669,669,0,040000030,4,0,f,1,5,5,f,040000030,08
670,670,0,040000038,4,0,f,1,5,5,f,040000038,08
671,671,0,040000040,4,0,f,1,5,5,f,040000040,08
672,672,0,040000048,4,0,f,1,5,5,f,040000048,08
673,673,0,040000008,4,0,f,1,5,5,f,040000008,08
674,674,0,040000010,4,0,f,1,5,5,f,040000010,08
675,675,0,040000018,4,1,f,1,5,5,f,040000018,08
676,676,0,040000020,4,2,f,1,5,5,f,040000020,08
677,677,0,040000028,4,3,f,1,5,5,f,040000028,08
678,678,0,040000030,4,4,f,1,5,5,f,040000030,08
679,679,0,040000038,4,5,f,1,5,5,f,040000038,08
680,680,0,040000040,4,6,f,1,5,5,f,040000040,08
681,681,0,040000048,4,7,f,1,5,5,f,040000048,08
682,682,0,040000008,4,8,f,1,5,5,f,040000008,08
683,683,0,040000010,4,9,f,1,5,5,f,040000010,08
684,684,0,040000018,4,0,f,1,5,5,f,040000018,08
685,685,0,040000020,4,0,f,1,5,5,f,040000020,08
686,686,0,040000028,4,0,f,1,5,5,f,040000028,08
687,687,0,040000030,4,0,f,1,5,5,f,040000030,08
688,688,0,040000038,4,0,f,1,5,5,f,040000038,08
689,689,0,040000040,4,0,f,1,5,5,f,040000040,08
690,690,0,040000048,4,0,f,1,5,5,f,040000048,08
691,691,0,040000008,4,0,f,1,5,5,f,040000008,08
692,692,0,040000010,4,0,f,1,5,5,f,040000010,08
693,693,0,040000018,4,1,f,1,5,5,f,040000018,08
694,694,0,040000020,4,2,f,1,5,5,f,040000020,08
695,695,0,040000028,4,3,f,1,5,5,f,040000028,08
696,696,0,040000030,4,4,f,1,5,5,f,040000030,08
697,697,0,040000038,4,5,f,1,5,5,f,040000038,08
698,698,0,040000040,4,6,f,1,5,5,f,040000040,08
699,699,0,040000048,4,7,f,1,5,5,f,040000048,08
700,700,0,040000008,4,8,f,1,5,5,f,040000008,08
701,701,0,040000010,4,9,f,1,5,5,f,040000010,08
702,702,0,040000018,4,0,f,1,5,5,f,040000018,08
703,703,0,040000020,4,0,f,1,5,5,f,040000020,08
704,704,0,040000028,4,0,f,1,5,5,f,040000028,08
705,705,0,040000030,4,0,f,1,5,5,f,040000030,08
706,706,0,040000038,4,0,f,1,5,5,f,040000038,08
707,707,0,040000040,4,0,f,1,5,5,f,040000040,08
708,708,0,040000048,4,0,f,1,5,5,f,040000048,08
709,709,0,040000008,4,0,f,1,5,5,f,040000008,08
710,710,0,040000010,4,0,f,1,5,5,f,040000010,08
711,711,0,040000018,4,1,f,1,5,5,f,040000018,08
712,712,0,040000020,4,2,f,1,5,5,f,040000020,08
713,713,0,040000028,4,3,f,1,5,5,f,040000028,08
714,714,0,040000030,4,4,f,1,5,5,f,040000030,08
715,715,0,040000038,4,5,f,1,5,5,f,040000038,08
716,716,0,040000040,4,6,f,1,5,5,f,040000040,08
717,717,0,040000048,4,7,f,1,5,5,f,040000048,08
718,718,0,040000008,4,8,f,1,5,5,f,040000008,08
719,719,0,040000010,4,9,f,1,5,5,f,040000010,08
720,720,0,040000018,4,0,f,1,5,5,f,040000018,08
721,721,0,040000020,4,0,f,1,5,5,f,040000020,08
722,722,0,040000028,4,0,f,1,5,5,f,040000028,08
723,723,0,040000030,4,0,f,1,5,5,f,040000030,08
724,724,0,040000038,4,0,f,1,5,5,f,040000038,08
725,725,0,040000040,4,0,f,1,5,5,f,040000040,08
726,726,0,040000048,4,0,f,1,5,5,f,040000048,08
727,727,0,040000008,4,0,f,1,5,5,f,040000008,08
728,728,0,040000010,4,0,f,1,5,5,f,040000010,08
729,729,0,040000018,4,1,f,1,5,5,f,040000018,08
730,730,0,040000020,4,2,f,1,5,5,f,040000020,08
731,731,0,040000028,4,3,f,1,5,5,f,040000028,08
732,732,0,040000030,4,4,f,1,5,5,f,040000030,08
733,733,0,040000038,4,5,f,1,5,5,f,040000038,08
734,734,0,040000040,4,6,f,1,5,5,f,040000040,08
735,735,0,040000048,4,7,f,1,5,5,f,040000048,08
736,736,0,040000008,4,8,f,1,5,5,f,040000008,08
737,737,0,040000010,4,9,f,1,5,5,f,040000010,08
738,738,0,040000018,4,0,f,1,5,5,f,040000018,08
739,739,0,040000020,4,0,f,1,5,5,f,040000020,08
740,740,0,040000028,4,0,f,1,5,5,f,040000028,08
741,741,0,040000030,4,0,f,1,5,5,f,040000030,08
742,742,0,040000038,4,0,f,1,4,5,f,040000038,08
743,743,0,040000040,4,0,f,1,4,5,f,040000040,08
744,744,0,040000048,4,0,f,1,5,5,f,040000048,08
745,745,0,040000008,4,0,f,1,5,5,f,040000008,08
746,746,0,040000010,4,0,f,1,5,5,f,040000010,08
747,747,0,040000018,4,1,f,1,5,5,f,040000018,08
748,748,0,040000020,4,2,f,1,5,5,f,040000020,08
749,749,0,040000028,4,3,f,1,5,5,f,040000028,08
750,750,0,040000030,4,4,f,1,5,5,f,040000030,08
751,751,0,040000038,4,5,f,1,5,5,f,040000038,08
752,752,0,040000040,4,6,f,1,5,5,f,040000040,08
753,753,0,040000048,4,7,f,1,5,5,f,040000048,08
754,754,0,040000008,4,8,f,1,5,5,f,040000008,08
755,755,0,040000010,4,9,f,1,5,5,f,040000010,08
756,756,0,040000018,4,0,f,1,5,5,f,040000018,08
757,757,0,040000020,4,0,f,1,5,5,f,040000020,08
758,758,0,040000028,4,0,f,1,5,5,f,040000028,08
759,759,0,040000030,4,0,f,1,5,5,f,040000030,08
760,760,0,040000038,4,0,f,1,5,5,f,040000038,08
761,761,0,040000040,4,0,f,1,5,5,f,040000040,08
762,762,0,040000048,4,0,f,1,5,5,f,040000048,08
763,763,0,040000008,4,0,f,1,5,5,f,040000008,08
764,764,0,040000010,4,0,f,1,5,5,f,040000010,08
765,765,0,040000018,4,1,f,1,5,5,f,040000018,08
766,766,0,040000020,4,2,f,1,5,5,f,040000020,08
767,767,0,040000028,4,3,f,1,5,5,f,040000028,08
768,768,0,040000030,4,4,f,1,5,5,f,040000030,08
769,769,0,040000038,4,5,f,1,5,5,f,040000038,08
770,770,0,040000040,4,6,f,1,5,5,f,040000040,08
771,771,0,040000048,4,7,f,1,5,5,f,040000048,08
772,772,0,040000008,4,8,f,1,5,5,f,040000008,08
773,773,0,040000010,4,9,f,1,5,5,f,040000010,08
774,774,0,040000018,4,0,f,1,5,5,f,040000018,08
775,775,0,040000020,4,0,f,1,5,5,f,040000020,08
776,776,0,040000028,4,0,f,1,5,5,f,040000028,08
777,777,0,040000030,4,0,f,1,5,5,f,040000030,08
778,778,0,040000038,4,0,f,1,5,5,f,040000038,08
779,779,0,040000040,4,0,f,1,5,5,f,040000040,08
780,780,0,040000048,4,0,f,1,5,5,f,040000048,08
781,781,0,040000008,4,0,f,1,5,5,f,040000008,08
782,782,0,040000010,4,0,f,1,5,5,f,040000010,08
783,783,0,040000018,4,1,f,1,5,5,f,040000018,08
784,784,0,040000020,4,2,f,1,5,5,f,040000020,08
785,785,0,040000028,4,3,f,1,5,5,f,040000028,08
786,786,0,040000030,4,4,f,1,5,5,f,040000030,08
787,787,0,040000038,4,5,f,1,5,5,f,040000038,08
788,788,0,040000040,4,6,f,1,5,5,f,040000040,08
789,789,0,040000048,4,7,f,1,5,5,f,040000048,08
790,790,0,040000008,4,8,f,1,5,5,f,040000008,08
791,791,0,040000010,4,9,f,1,5,5,f,040000010,08
792,792,0,040000018,4,0,f,1,5,5,f,040000018,08
793,793,0,040000020,4,0,f,1,5,5,f,040000020,08
794,794,0,040000028,4,0,f,1,5,5,f,040000028,08
795,795,0,040000030,4,0,f,1,5,5,f,040000030,08
796,796,0,040000038,4,0,f,1,5,5,f,040000038,08
797,797,0,040000040,4,0,f,1,5,5,f,040000040,08
798,798,0,040000048,4,0,f,1,5,5,f,040000048,08
799,799,0,040000008,4,0,f,1,5,5,f,040000008,08
800,800,0,040000010,4,0,f,1,5,5,f,040000010,08
801,801,0,040000018,4,1,f,1,5,5,f,040000018,08
802,802,0,040000020,4,2,f,1,5,5,f,040000020,08
803,803,0,040000028,4,3,f,1,5,5,f,040000028,08
804,804,0,040000030,4,4,f,1,5,5,f,040000030,08
805,805,0,040000038,4,5,f,1,5,5,f,040000038,08
806,806,0,040000040,4,6,f,1,5,5,f,040000040,08
807,807,0,040000048,4,7,f,1,5,5,f,040000048,08
808,808,0,040000008,4,8,f,1,5,5,f,040000008,08
809,809,0,040000010,4,9,f,1,5,5,f,040000010,08
810,810,0,040000018,4,0,f,1,5,5,f,040000018,08
811,811,0,040000020,4,0,f,1,5,5,f,040000020,08
812,812,0,040000028,4,0,f,1,5,5,f,040000028,08
813,813,0,040000030,4,0,f,1,5,5,f,040000030,08
814,814,0,040000038,4,0,f,1,5,5,f,040000038,08
815,815,0,040000040,4,0,f,1,5,5,f,040000040,08
816,816,0,040000048,4,0,f,1,5,5,f,040000048,08
817,817,0,040000008,4,0,f,1,5,5,f,040000008,08
818,818,0,040000010,4,0,f,1,5,5,f,040000010,08
819,819,0,040000018,4,1,f,1,5,5,f,040000018,08
820,820,0,040000020,4,2,f,1,5,5,f,040000020,08
821,821,0,040000028,4,3,f,1,5,5,f,040000028,08
822,822,0,040000030,4,4,f,1,4,5,f,040000030,08
823,823,0,040000038,4,5,f,1,4,5,f,040000038,08
824,824,0,040000040,4,6,f,1,5,5,f,040000040,08
825,825,0,040000048,4,7,f,1,5,5,f,040000048,08
826,826,0,040000008,4,8,f,1,5,5,f,040000008,08
827,827,0,040000010,4,9,f,1,5,5,f,040000010,08
828,828,0,040000018,4,0,f,1,5,5,f,040000018,08
829,829,0,040000020,4,0,f,1,5,5,f,040000020,08
830,830,0,040000028,4,0,f,1,5,5,f,040000028,08
831,831,0,040000030,4,0,f,1,5,5,f,040000030,08
832,832,0,040000038,4,0,f,1,5,5,f,040000038,08
833,833,0,040000040,4,0,f,1,5,5,f,040000040,08
834,834,0,040000048,4,0,f,1,5,5,f,040000048,08
835,835,0,040000008,4,0,f,1,5,5,f,040000008,08
836,836,0,040000010,4,0,f,1,5,5,f,040000010,08
837,837,0,040000018,4,1,f,1,5,5,f,040000018,08
838,838,0,040000020,4,2,f,1,5,5,f,040000020,08
839,839,0,040000028,4,3,f,1,5,5,f,040000028,08
840,840,0,040000030,4,4,f,1,5,5,f,040000030,08
841,841,0,040000038,4,5,f,1,5,5,f,040000038,08
842,842,0,040000040,4,6,f,1,5,5,f,040000040,08
843,843,0,040000048,4,7,f,1,5,5,f,040000048,08
844,844,0,040000008,4,8,f,1,5,5,f,040000008,08
845,845,0,040000010,4,9,f,1,5,5,f,040000010,08
846,846,0,040000018,4,0,f,1,5,5,f,040000018,08
847,847,0,040000020,4,0,f,1,5,5,f,040000020,08
848,848,0,040000028,4,0,f,1,5,5,f,040000028,08
849,849,0,040000030,4,0,f,1,5,5,f,040000030,08
850,850,0,040000038,4,0,f,1,5,5,f,040000038,08
851,851,0,040000040,4,0,f,1,5,5,f,040000040,08
852,852,0,040000048,4,0,f,1,5,5,f,040000048,08
853,853,0,040000008,4,0,f,1,5,5,f,040000008,08
854,854,0,040000010,4,0,f,1,5,5,f,040000010,08
855,855,0,040000018,4,1,f,1,5,5,f,040000018,08
856,856,0,040000020,4,2,f,1,5,5,f,040000020,08
857,857,0,040000028,4,3,f,1,5,5,f,040000028,08
858,858,0,040000030,4,4,f,1,5,5,f,040000030,08
859,859,0,040000038,4,5,f,1,5,5,f,040000038,08
860,860,0,040000040,4,6,f,1,5,5,f,040000040,08
861,861,0,040000048,4,7,f,1,5,5,f,040000048,08
862,862,0,040000008,4,8,f,1,5,5,f,040000008,08
863,863,0,040000010,4,9,f,1,5,5,f,040000010,08
864,864,0,040000018,4,0,f,1,5,5,f,040000018,08
865,865,0,040000020,4,0,f,1,5,5,f,040000020,08
866,866,0,040000028,4,0,f,1,5,5,f,040000028,08
867,867,0,040000030,4,0,f,1,5,5,f,040000030,08
868,868,0,040000038,4,0,f,1,5,5,f,040000038,08
869,869,0,040000040,4,0,f,1,5,5,f,040000040,08
870,870,0,040000048,4,0,f,1,5,5,f,040000048,08
871,871,0,040000008,4,0,f,1,5,5,f,040000008,08
872,872,0,040000010,4,0,f,1,5,5,f,040000010,08
873,873,0,040000018,4,1,f,1,5,5,f,040000018,08
874,874,0,040000020,4,2,f,1,5,5,f,040000020,08
875,875,0,040000028,4,3,f,1,5,5,f,040000028,08
876,876,0,040000030,4,4,f,1,5,5,f,040000030,08
877,877,0,040000038,4,5,f,1,5,5,f,040000038,08
878,878,0,040000040,4,6,f,1,5,5,f,040000040,08
879,879,0,040000048,4,7,f,1,5,5,f,040000048,08
880,880,0,040000008,4,8,f,1,5,5,f,040000008,08
881,881,0,040000010,4,9,f,1,5,5,f,040000010,08
882,882,0,040000018,4,0,f,1,5,5,f,040000018,08
883,883,0,040000020,4,0,f,1,5,5,f,040000020,08
884,884,0,040000028,4,0,f,1,5,5,f,040000028,08
885,885,0,040000030,4,0,f,1,5,5,f,040000030,08
886,886,0,040000038,4,0,f,1,5,5,f,040000038,08
887,887,0,040000040,4,0,f,1,5,5,f,040000040,08
888,888,0,040000048,4,0,f,1,5,5,f,040000048,08
889,889,0,040000008,4,0,f,1,5,5,f,040000008,08
890,890,0,040000010,4,0,f,1,5,5,f,040000010,08
891,891,0,040000018,4,1,f,1,5,5,f,040000018,08
892,892,0,040000020,4,2,f,1,5,5,f,040000020,08
893,893,0,040000028,4,3,f,1,5,5,f,040000028,08
894,894,0,040000030,4,4,f,1,5,5,f,040000030,08
895,895,0,040000038,4,5,f,1,5,5,f,040000038,08
896,896,0,040000040,4,6,f,1,5,5,f,040000040,08
897,897,0,040000048,4,7,f,1,5,5,f,040000048,08
898,898,0,040000008,4,8,f,1,5,5,f,040000008,08
899,899,0,040000010,4,9,f,1,5,5,f,040000010,08
900,900,0,040000018,4,0,f,1,5,5,f,040000018,08
901,901,0,040000020,4,0,f,1,5,5,f,040000020,08
902,902,0,040000028,4,0,f,1,4,5,f,040000028,08
903,903,0,040000030,4,0,f,1,4,5,f,040000030,08
904,904,0,040000038,4,0,f,1,5,5,f,040000038,08
905,905,0,040000040,4,0,f,1,5,5,f,040000040,08
906,906,0,040000048,4,0,f,1,5,5,f,040000048,08
907,907,0,040000008,4,0,f,1,5,5,f,040000008,08
908,908,0,040000010,4,0,f,1,5,5,f,040000010,08
909,909,0,040000018,4,1,f,1,5,5,f,040000018,08
910,910,0,040000020,4,2,f,1,5,5,f,040000020,08
911,911,0,040000028,4,3,f,1,5,5,f,040000028,08
912,912,0,040000030,4,4,f,1,5,5,f,040000030,08
913,913,0,040000038,4,5,f,1,5,5,f,040000038,08
914,914,0,040000040,4,6,f,1,5,5,f,040000040,08
915,915,0,040000048,4,7,f,1,5,5,f,040000048,08
916,916,0,040000008,4,8,f,1,5,5,f,040000008,08
917,917,0,040000010,4,9,f,1,5,5,f,040000010,08
918,918,0,040000018,4,0,f,1,5,5,f,040000018,08
919,919,0,040000020,4,0,f,1,5,5,f,040000020,08
920,920,0,040000028,4,0,f,1,5,5,f,040000028,08
921,921,0,040000030,4,0,f,1,5,5,f,040000030,08
922,922,0,040000038,4,0,f,1,5,5,f,040000038,08
923,923,0,040000040,4,0,f,1,5,5,f,040000040,08
924,924,0,040000048,4,0,f,1,5,5,f,040000048,08
925,925,0,040000008,4,0,f,1,5,5,f,040000008,08
926,926,0,040000010,4,0,f,1,5,5,f,040000010,08
927,927,0,040000018,4,1,f,1,5,5,f,040000018,08
928,928,0,040000020,4,2,f,1,5,5,f,040000020,08
929,929,0,040000028,4,3,f,1,5,5,f,040000028,08
930,930,0,040000030,4,4,f,1,5,5,f,040000030,08
931,931,0,040000038,4,5,f,1,5,5,f,040000038,08
932,932,0,040000040,4,6,f,1,5,5,f,040000040,08
933,933,0,040000048,4,7,f,1,5,5,f,040000048,08
934,934,0,040000008,4,8,f,1,5,5,f,040000008,08
935,935,0,040000010,4,9,f,1,5,5,f,040000010,08
936,936,0,040000018,4,0,f,1,5,5,f,040000018,08
937,937,0,040000020,4,0,f,1,5,5,f,040000020,08
938,938,0,040000028,4,0,f,1,5,5,f,040000028,08
939,939,0,040000030,4,0,f,1,5,5,f,040000030,08
940,940,0,040000038,4,0,f,1,5,5,f,040000038,08
941,941,0,040000040,4,0,f,1,5,5,f,040000040,08
942,942,0,040000048,4,0,f,1,5,5,f,040000048,08
943,943,0,040000008,4,0,f,1,5,5,f,040000008,08
944,944,0,040000010,4,0,f,1,5,5,f,040000010,08
945,945,0,040000018,4,1,f,1,5,5,f,040000018,08
946,946,0,040000020,4,2,f,1,5,5,f,040000020,08
947,947,0,040000028,4,3,f,1,5,5,f,040000028,08
948,948,0,040000030,4,4,f,1,5,5,f,040000030,08
949,949,0,040000038,4,5,f,1,5,5,f,040000038,08
950,950,0,040000040,4,6,f,1,5,5,f,040000040,08
951,951,0,040000048,4,7,f,1,5,5,f,040000048,08
952,952,0,040000008,4,8,f,1,5,5,f,040000008,08
953,953,0,040000010,4,9,f,1,5,5,f,040000010,08
954,954,0,040000018,4,0,f,1,5,5,f,040000018,08
955,955,0,040000020,4,0,f,1,5,5,f,040000020,08
956,956,0,040000028,4,0,f,1,5,5,f,040000028,08
957,957,0,040000030,4,0,f,1,5,5,f,040000030,08
958,958,0,040000038,4,0,f,1,5,5,f,040000038,08
959,959,0,040000040,4,0,f,1,5,5,f,040000040,08
960,960,0,040000048,4,0,f,1,5,5,f,040000048,08
961,961,0,040000008,4,0,f,1,5,5,f,040000008,08
962,962,0,040000010,4,0,f,1,5,5,f,040000010,08
963,963,0,040000018,4,1,f,1,5,5,f,040000018,08
964,964,0,040000020,4,2,f,1,5,5,f,040000020,08
965,965,0,040000028,4,3,f,1,5,5,f,040000028,08
966,966,0,040000030,4,4,f,1,5,5,f,040000030,08
967,967,0,040000038,4,5,f,1,5,5,f,040000038,08
968,968,0,040000040,4,6,f,1,5,5,f,040000040,08
969,969,0,040000048,4,7,f,1,5,5,f,040000048,08
970,970,0,040000008,4,8,f,1,5,5,f,040000008,08
971,971,0,040000010,4,9,f,1,5,5,f,040000010,08
972,972,0,040000018,4,0,f,1,5,5,f,040000018,08
973,973,0,040000020,4,0,f,1,5,5,f,040000020,08
974,974,0,040000028,4,0,f,1,5,5,f,040000028,08
975,975,0,040000030,4,0,f,1,5,5,f,040000030,08
976,976,0,040000038,4,0,f,1,5,5,f,040000038,08
977,977,0,040000040,4,0,f,1,5,5,f,040000040,08
978,978,0,040000048,4,0,f,1,5,5,f,040000048,08
979,979,0,040000008,4,0,f,1,5,5,f,040000008,08
980,980,0,040000010,4,0,f,1,5,5,f,040000010,08
981,981,0,040000018,4,1,f,1,5,5,f,040000018,08
982,982,0,040000020,4,2,f,1,4,5,f,040000020,08
983,983,0,040000028,4,3,f,1,4,5,f,040000028,08
984,984,0,040000030,4,4,f,1,5,5,f,040000030,08
985,985,0,040000038,4,5,f,1,5,5,f,040000038,08
986,986,0,040000040,4,6,f,1,5,5,f,040000040,08
987,987,0,040000048,4,7,f,1,5,5,f,040000048,08
988,988,0,040000008,4,8,f,1,5,5,f,040000008,08
989,989,0,040000010,4,9,f,1,5,5,f,040000010,08
990,990,0,040000018,4,0,f,1,5,5,f,040000018,08
991,991,0,040000020,4,0,f,1,5,5,f,040000020,08
992,992,0,040000028,4,0,f,1,5,5,f,040000028,08
993,993,0,040000030,4,0,f,1,5,5,f,040000030,08
994,994,0,040000038,4,0,f,1,5,5,f,040000038,08
995,995,0,040000040,4,0,f,1,5,5,f,040000040,08
996,996,0,040000048,4,0,f,1,5,5,f,040000048,08
997,997,0,040000008,4,0,f,1,5,5,f,040000008,08
998,998,0,040000010,4,0,f,1,5,5,f,040000010,08
999,999,0,040000018,4,1,f,1,5,5,f,040000018,08
1000,1000,0,040000020,4,2,f,1,5,5,f,040000020,08
1001,1001,0,040000028,4,3,f,1,5,5,f,040000028,08
1002,1002,0,040000030,4,4,f,1,5,5,f,040000030,08
1003,1003,0,040000038,4,5,f,1,5,5,f,040000038,08
1004,1004,0,040000040,4,6,f,1,5,5,f,040000040,08
1005,1005,0,040000048,4,7,f,1,5,5,f,040000048,08
1006,1006,0,040000008,4,8,f,1,5,5,f,040000008,08
1007,1007,0,040000010,4,9,f,1,5,5,f,040000010,08
1008,1008,0,040000018,4,0,f,1,5,5,f,040000018,08
1009,1009,0,040000020,4,0,f,1,5,5,f,040000020,08
1010,1010,0,040000028,4,0,f,1,5,5,f,040000028,08
1011,1011,0,040000030,4,0,f,1,5,5,f,040000030,08
1012,1012,0,040000038,4,0,f,1,5,5,f,040000038,08
1013,1013,0,040000040,4,0,f,1,5,5,f,040000040,08
1014,1014,0,040000048,4,0,f,1,5,5,f,040000048,08
1015,1015,0,040000008,4,0,f,1,5,5,f,040000008,08
1016,1016,0,040000010,4,0,f,1,5,5,f,040000010,08
1017,1017,0,040000018,4,1,f,1,5,5,f,040000018,08
1018,1018,0,040000020,4,2,f,1,5,5,f,040000020,08
1019,1019,0,040000028,4,3,f,1,5,5,f,040000028,08
1020,1020,0,040000030,4,4,f,1,5,5,f,040000030,08
1021,1021,0,040000038,4,5,f,1,5,5,f,040000038,08
1022,1022,0,040000040,4,6,f,1,5,5,f,040000040,08
1023,1023,0,040000048,4,7,f,1,5,5,f,040000048,08
